{
	"AT": "Austria",
	"BE": "Belgium",
	"BG": "Bulgaria",
	"BR": "Brazil",
	"CA": "Canada",
	"CY": "Republic of Cyprus",
	"CZ": "Czech Republic",
	"DE": "Germany",
	"DK": "Denmark",
	"EE": "Estonia",
	"ES": "Spain",
	"FI": "Finland",
	"FR": "France",
	"GB": "United Kingdom",
	"GR": "Greece",
	"HR": "Croatia",
	"HU": "Hungary",
	"IE": "Ireland",
	"IN": "India",
	"IT": "Italy",
	"JP": "Japan",
	"KR": "Korea",
	"LT": "Lithuania",
	"LU": "Luxembourg",
	"LV": "Latvia",
	"MT": "Malta",
	"MX": "Mexico",
	"NL": "Netherlands",
	"PL": "Poland",
	"PT": "Portugal",
	"RO": "Romania",
	"SE": "Sweden",
	"SI": "Slovenia",
	"SK": "Slovakia",
	"US": "United States"
}
