{
	"DASHBOARD": "/",
	"LOGIN": "/login",
	"REGISTER": "/register",
	"DISPATCHES": "/dispatches",
	"TEMPLATE": "/template",
	"GETTINGSTARTED": "/gettingstarted",
	"ADD_ENVIRONMENT": "/environments/add",
	"ENVIRONMENTS": "/environments",
	"SHARED": "/shared",
	"HARDWARE": "/hardware",
	"SETTINGS": "/settings",
	"BILLING": "/billing",
	"HOME": "/",
	"GETTING_STARTED": "/gettingstarted",
	"GRAPH": "/graph",
	"GRAPH_ID": "/graph/:dispatchID",
	"VIEW_ENVIRONMENT": "/environments/:id",
	"FUNCTION_SERVE": "/functions",
	"FUNCTION_DETAILS_OVERVIEW": "/functions/:functionId/Overview",
	"FUNCTION_DETAILS_ENDPOINTS": "/functions/:functionId/Endpoints"
}
