{
	"functionUrl": "http://api.covalent.xyz/fs/3672c015-5f5b-4aa2-9c07-98d9bcced7e9",
	"endpoints": [
		{
			"endpoint": "http://localhost:6098/",
			"id": "be106d51-2062-47f2-8a03-f551115bf765",
			"description": "Prompt the LLM to generate a text",
			"disabled":false
		},
		{
			"endpoint": "http://localhost:6009/",
			"id": "ce106d51-2062-47f2-8a03-f551115bf767",
			"description": "Image processing using openCV",
			"disabled":false
		},
		{
			"endpoint": "http://localhost:8086/",
			"id": "52b12208-f6f9-4db0-9a5a-b98cbc73314f",
			"description": "Prompt the LLM to generate a text",
			"disabled":false
		},
		{
			"endpoint": "http://localhost:4899/",
			"id": "5ba95ff0-5c56-46a3-af93-117a5f8d9b98",
			"description": "This is a static model trained on an offline dataset",
			"disabled":true
		},
		{
			"endpoint": "http://localhost:5678/",
			"id": "5f38f4f6-96a4-4db3-a169-72242355b09d",
			"description": "This is an auto-regressive language model that uses an optimized transformer architecture. The tuned versions use supervised fine-tuning (SFT) and reinforcement learning with human feedback (RLHF) to align to human preferences for helpfulness and safety.",
			"disabled":false
		},
		{
			"endpoint": "http://localhost:4546/",
			"id": "ba11ef33-3552-4049-af2c-b4ed12438bb5",
			"description": "Prompt the LLM to generate a text",
			"disabled":false
		},
		{
			"endpoint": "http://localhost:6007/",
			"id": "4b0ee000-30ff-4358-af3a-1c61b5eac6d9",
			"description": "Pretraining utilized a cumulative 3.3M GPU hours of computation on hardware of type A100-80GB (TDP of 350-400W). Estimated total emissions were 539 tCO2eq, 100% of which were offset by Meta’s sustainability program.",
			"disabled":false
		}
	]
}
